{
  "position": [
    103.09621661523532,
    84.3731644153595,
    366.35888194050654
  ],
  "orientation": [
    2175.3499999999976,
    -179.5499999999992,
    5.100000000000051
  ],
  "velocity": [
    7.026208810243987,
    0.0,
    11.237717613780259
  ],
  "acceleration": 0.0,
  "time": 0.0
}